"Geregistreerde criminaliteit; soort misdrijf, regio"
"Onderwerp: |Totaal geregistreerde misdrijven"
""
"Soort misdrijf";"Misdrijven, totaal";"Misdrijven, totaal";"Misdrijven, totaal";"1 Vermogensmisdrijven";"1 Vermogensmisdrijven";"1 Vermogensmisdrijven";"1.1 Diefstal/verduistering en inbraak";"1.1 Diefstal/verduistering en inbraak";"1.1 Diefstal/verduistering en inbraak";"1.1.1 Diefstal en inbraak met geweld";"1.1.1 Diefstal en inbraak met geweld";"1.1.1 Diefstal en inbraak met geweld";"1.1.2 Diefstal en inbraak zonder geweld";"1.1.2 Diefstal en inbraak zonder geweld";"1.1.2 Diefstal en inbraak zonder geweld";"1.2 Bedrog";"1.2 Bedrog";"1.2 Bedrog";"1.2.1 Oplichting";"1.2.1 Oplichting";"1.2.1 Oplichting";"1.2.2 Flessentrekkerij";"1.2.2 Flessentrekkerij";"1.2.2 Flessentrekkerij";"1.2.3 Bedrog (overig)";"1.2.3 Bedrog (overig)";"1.2.3 Bedrog (overig)";"1.3 Valsheidsmisdrijf";"1.3 Valsheidsmisdrijf";"1.3 Valsheidsmisdrijf";"1.3.1 Muntmisdrijf";"1.3.1 Muntmisdrijf";"1.3.1 Muntmisdrijf";"1.3.2 Valsheid in zegels en merken";"1.3.2 Valsheid in zegels en merken";"1.3.2 Valsheid in zegels en merken";"1.3.3 Valsheid in geschriften";"1.3.3 Valsheid in geschriften";"1.3.3 Valsheid in geschriften";"1.4 Heling";"1.4 Heling";"1.4 Heling";"1.5 Afpersing en afdreiging";"1.5 Afpersing en afdreiging";"1.5 Afpersing en afdreiging";"1.6 Bankbreuk";"1.6 Bankbreuk";"1.6 Bankbreuk";"1.7 Witwassen";"1.7 Witwassen";"1.7 Witwassen";"1.8 Vermogensmisdrijf (overig)";"1.8 Vermogensmisdrijf (overig)";"1.8 Vermogensmisdrijf (overig)";"2 Vernielingen, misdr.openb.orde/gezag";"2 Vernielingen, misdr.openb.orde/gezag";"2 Vernielingen, misdr.openb.orde/gezag";"2.1 Vernieling en beschadiging";"2.1 Vernieling en beschadiging";"2.1 Vernieling en beschadiging";"2.1.1 Vernieling aan auto";"2.1.1 Vernieling aan auto";"2.1.1 Vernieling aan auto";"2.1.2 Vernieling aan openbaar gebouw";"2.1.2 Vernieling aan openbaar gebouw";"2.1.2 Vernieling aan openbaar gebouw";"2.1.3 Vernieling middel openb.vervoer";"2.1.3 Vernieling middel openb.vervoer";"2.1.3 Vernieling middel openb.vervoer";"2.1.4 Dierenmishandeling";"2.1.4 Dierenmishandeling";"2.1.4 Dierenmishandeling";"2.1.5 Vernieling, beschadiging (overig)";"2.1.5 Vernieling, beschadiging (overig)";"2.1.5 Vernieling, beschadiging (overig)";"2.2 Openbare orde misdrijf";"2.2 Openbare orde misdrijf";"2.2 Openbare orde misdrijf";"2.2.1 Openlijke geweldpleging";"2.2.1 Openlijke geweldpleging";"2.2.1 Openlijke geweldpleging";"2.2.1.1 Openlijk geweld tegen persoon";"2.2.1.1 Openlijk geweld tegen persoon";"2.2.1.1 Openlijk geweld tegen persoon";"2.2.1.2 Openlijk geweld tegen goed";"2.2.1.2 Openlijk geweld tegen goed";"2.2.1.2 Openlijk geweld tegen goed";"2.2.2 Huisvredebreuk";"2.2.2 Huisvredebreuk";"2.2.2 Huisvredebreuk";"2.2.3 Lokaalvredebreuk";"2.2.3 Lokaalvredebreuk";"2.2.3 Lokaalvredebreuk";"2.2.4 Computervredebreuk";"2.2.4 Computervredebreuk";"2.2.4 Computervredebreuk";"2.2.5 Discriminatie";"2.2.5 Discriminatie";"2.2.5 Discriminatie";"2.2.6 Openbare orde misdrijf (overig)";"2.2.6 Openbare orde misdrijf (overig)";"2.2.6 Openbare orde misdrijf (overig)";"2.3 Brandstichting/ontploffing";"2.3 Brandstichting/ontploffing";"2.3 Brandstichting/ontploffing";"2.4 Openbaar gezag misdrijf";"2.4 Openbaar gezag misdrijf";"2.4 Openbaar gezag misdrijf";"2.4.1 Niet opvolgen van ambtelijk bevel";"2.4.1 Niet opvolgen van ambtelijk bevel";"2.4.1 Niet opvolgen van ambtelijk bevel";"2.4.2 Wederspannigheid";"2.4.2 Wederspannigheid";"2.4.2 Wederspannigheid";"2.4.3 Valse aangifte";"2.4.3 Valse aangifte";"2.4.3 Valse aangifte";"2.4.5 Verblijf ongewenste vreemdeling";"2.4.5 Verblijf ongewenste vreemdeling";"2.4.5 Verblijf ongewenste vreemdeling";"2.4.6 Openbaar gezag misdrijf (overig)";"2.4.6 Openbaar gezag misdrijf (overig)";"2.4.6 Openbaar gezag misdrijf (overig)";"3 Gewelds- en seksuele misdrijven";"3 Gewelds- en seksuele misdrijven";"3 Gewelds- en seksuele misdrijven";"3.1 Mishandeling";"3.1 Mishandeling";"3.1 Mishandeling";"3.2 Bedreiging en stalking";"3.2 Bedreiging en stalking";"3.2 Bedreiging en stalking";"3.2.1 Bedreiging";"3.2.1 Bedreiging";"3.2.1 Bedreiging";"3.2.2 Stalking";"3.2.2 Stalking";"3.2.2 Stalking";"3.3 Seksueel misdrijf";"3.3 Seksueel misdrijf";"3.3 Seksueel misdrijf";"3.3.1 Aanranding";"3.3.1 Aanranding";"3.3.1 Aanranding";"3.3.2 Verkrachting";"3.3.2 Verkrachting";"3.3.2 Verkrachting";"3.3.3 Schennis der eerbaarheid";"3.3.3 Schennis der eerbaarheid";"3.3.3 Schennis der eerbaarheid";"3.3.4 Ontucht met minderjarige";"3.3.4 Ontucht met minderjarige";"3.3.4 Ontucht met minderjarige";"3.3.5 Pornografie";"3.3.5 Pornografie";"3.3.5 Pornografie";"3.3.6 Ontucht met misbruik van gezag";"3.3.6 Ontucht met misbruik van gezag";"3.3.6 Ontucht met misbruik van gezag";"3.3.7 Seksueel misdrijf (overig)";"3.3.7 Seksueel misdrijf (overig)";"3.3.7 Seksueel misdrijf (overig)";"3.4 Levensmisdrijf";"3.4 Levensmisdrijf";"3.4 Levensmisdrijf";"3.5 Vrijheidsbeneming/gijzeling";"3.5 Vrijheidsbeneming/gijzeling";"3.5 Vrijheidsbeneming/gijzeling";"3.6 Mensenhandel, mensensmokkel";"3.6 Mensenhandel, mensensmokkel";"3.6 Mensenhandel, mensensmokkel";"3.7 Geweldsmisdrijf (overig)";"3.7 Geweldsmisdrijf (overig)";"3.7 Geweldsmisdrijf (overig)";"4 Misdrijven WvSr (overig)";"4 Misdrijven WvSr (overig)";"4 Misdrijven WvSr (overig)";"5 Verkeersmisdrijven";"5 Verkeersmisdrijven";"5 Verkeersmisdrijven";"5.1 Verlaten plaats ongeval";"5.1 Verlaten plaats ongeval";"5.1 Verlaten plaats ongeval";"5.2 Rijden onder invloed";"5.2 Rijden onder invloed";"5.2 Rijden onder invloed";"5.3 Rijden tijdens ontzegging";"5.3 Rijden tijdens ontzegging";"5.3 Rijden tijdens ontzegging";"5.4 Rijden tijdens rijverbod";"5.4 Rijden tijdens rijverbod";"5.4 Rijden tijdens rijverbod";"5.5 Voeren vals kenteken";"5.5 Voeren vals kenteken";"5.5 Voeren vals kenteken";"5.6 Joyriding";"5.6 Joyriding";"5.6 Joyriding";"5.7 Weigeren blaastest/bloedonderzoek";"5.7 Weigeren blaastest/bloedonderzoek";"5.7 Weigeren blaastest/bloedonderzoek";"5.8 Verkeersmisdrijf (overig)";"5.8 Verkeersmisdrijf (overig)";"5.8 Verkeersmisdrijf (overig)";"6 Drugsmisdrijven";"6 Drugsmisdrijven";"6 Drugsmisdrijven";"6.1 Harddrugs";"6.1 Harddrugs";"6.1 Harddrugs";"6.2 Softdrugs";"6.2 Softdrugs";"6.2 Softdrugs";"6.3 Drugsmisdrijf (overig)";"6.3 Drugsmisdrijf (overig)";"6.3 Drugsmisdrijf (overig)";"7 (Vuur)wapenmisdrijven";"7 (Vuur)wapenmisdrijven";"7 (Vuur)wapenmisdrijven";"9 Misdrijven overige wetten";"9 Misdrijven overige wetten";"9 Misdrijven overige wetten";"9.1 Militair misdrijf";"9.1 Militair misdrijf";"9.1 Militair misdrijf";"9.2 Misdrijf (overig)";"9.2 Misdrijf (overig)";"9.2 Misdrijf (overig)"
"Perioden";"2016";"2017*";"2018*";"2016";"2017*";"2018*";"2016";"2017*";"2018*";"2016";"2017*";"2018*";"2016";"2017*";"2018*";"2016";"2017*";"2018*";"2016";"2017*";"2018*";"2016";"2017*";"2018*";"2016";"2017*";"2018*";"2016";"2017*";"2018*";"2016";"2017*";"2018*";"2016";"2017*";"2018*";"2016";"2017*";"2018*";"2016";"2017*";"2018*";"2016";"2017*";"2018*";"2016";"2017*";"2018*";"2016";"2017*";"2018*";"2016";"2017*";"2018*";"2016";"2017*";"2018*";"2016";"2017*";"2018*";"2016";"2017*";"2018*";"2016";"2017*";"2018*";"2016";"2017*";"2018*";"2016";"2017*";"2018*";"2016";"2017*";"2018*";"2016";"2017*";"2018*";"2016";"2017*";"2018*";"2016";"2017*";"2018*";"2016";"2017*";"2018*";"2016";"2017*";"2018*";"2016";"2017*";"2018*";"2016";"2017*";"2018*";"2016";"2017*";"2018*";"2016";"2017*";"2018*";"2016";"2017*";"2018*";"2016";"2017*";"2018*";"2016";"2017*";"2018*";"2016";"2017*";"2018*";"2016";"2017*";"2018*";"2016";"2017*";"2018*";"2016";"2017*";"2018*";"2016";"2017*";"2018*";"2016";"2017*";"2018*";"2016";"2017*";"2018*";"2016";"2017*";"2018*";"2016";"2017*";"2018*";"2016";"2017*";"2018*";"2016";"2017*";"2018*";"2016";"2017*";"2018*";"2016";"2017*";"2018*";"2016";"2017*";"2018*";"2016";"2017*";"2018*";"2016";"2017*";"2018*";"2016";"2017*";"2018*";"2016";"2017*";"2018*";"2016";"2017*";"2018*";"2016";"2017*";"2018*";"2016";"2017*";"2018*";"2016";"2017*";"2018*";"2016";"2017*";"2018*";"2016";"2017*";"2018*";"2016";"2017*";"2018*";"2016";"2017*";"2018*";"2016";"2017*";"2018*";"2016";"2017*";"2018*";"2016";"2017*";"2018*";"2016";"2017*";"2018*";"2016";"2017*";"2018*";"2016";"2017*";"2018*";"2016";"2017*";"2018*";"2016";"2017*";"2018*";"2016";"2017*";"2018*";"2016";"2017*";"2018*";"2016";"2017*";"2018*";"2016";"2017*";"2018*";"2016";"2017*";"2018*"
"Regio's";"aantal";"aantal";"aantal";"aantal";"aantal";"aantal";"aantal";"aantal";"aantal";"aantal";"aantal";"aantal";"aantal";"aantal";"aantal";"aantal";"aantal";"aantal";"aantal";"aantal";"aantal";"aantal";"aantal";"aantal";"aantal";"aantal";"aantal";"aantal";"aantal";"aantal";"aantal";"aantal";"aantal";"aantal";"aantal";"aantal";"aantal";"aantal";"aantal";"aantal";"aantal";"aantal";"aantal";"aantal";"aantal";"aantal";"aantal";"aantal";"aantal";"aantal";"aantal";"aantal";"aantal";"aantal";"aantal";"aantal";"aantal";"aantal";"aantal";"aantal";"aantal";"aantal";"aantal";"aantal";"aantal";"aantal";"aantal";"aantal";"aantal";"aantal";"aantal";"aantal";"aantal";"aantal";"aantal";"aantal";"aantal";"aantal";"aantal";"aantal";"aantal";"aantal";"aantal";"aantal";"aantal";"aantal";"aantal";"aantal";"aantal";"aantal";"aantal";"aantal";"aantal";"aantal";"aantal";"aantal";"aantal";"aantal";"aantal";"aantal";"aantal";"aantal";"aantal";"aantal";"aantal";"aantal";"aantal";"aantal";"aantal";"aantal";"aantal";"aantal";"aantal";"aantal";"aantal";"aantal";"aantal";"aantal";"aantal";"aantal";"aantal";"aantal";"aantal";"aantal";"aantal";"aantal";"aantal";"aantal";"aantal";"aantal";"aantal";"aantal";"aantal";"aantal";"aantal";"aantal";"aantal";"aantal";"aantal";"aantal";"aantal";"aantal";"aantal";"aantal";"aantal";"aantal";"aantal";"aantal";"aantal";"aantal";"aantal";"aantal";"aantal";"aantal";"aantal";"aantal";"aantal";"aantal";"aantal";"aantal";"aantal";"aantal";"aantal";"aantal";"aantal";"aantal";"aantal";"aantal";"aantal";"aantal";"aantal";"aantal";"aantal";"aantal";"aantal";"aantal";"aantal";"aantal";"aantal";"aantal";"aantal";"aantal";"aantal";"aantal";"aantal";"aantal";"aantal";"aantal";"aantal";"aantal";"aantal";"aantal";"aantal";"aantal";"aantal";"aantal";"aantal";"aantal";"aantal";"aantal";"aantal";"aantal";"aantal";"aantal";"aantal";"aantal";"aantal";"aantal";"aantal";"aantal";"aantal";"aantal";"aantal";"aantal";"aantal";"aantal";"aantal";"aantal";"aantal";"aantal";"aantal";"aantal";"aantal";"aantal";"aantal";"aantal";"aantal";"aantal"
"Maassluis";"1650";"1475";"1160";"1045";"865";"610";"905";"745";"480";"15";"20";"15";"890";"725";"465";"85";"65";"75";"80";"60";"70";"0";"0";"0";"5";"5";"5";"45";"50";"45";"0";"5";"5";"0";"0";"0";"45";"45";"40";"5";"5";"5";"5";"5";"0";"0";"0";"0";"0";"0";"5";"0";"0";"0";"270";"240";"170";"245";"215";"135";"100";"85";"60";"5";"0";"0";"5";"5";"0";"0";"0";"0";"140";"125";"80";"10";"15";"25";"5";"10";"15";"0";"10";"15";"5";"5";"0";"0";"0";"5";"0";"0";"0";"0";"5";"5";"0";"0";"0";"0";"0";"0";"10";"5";"5";"0";"0";"0";"0";"0";"0";"0";"0";"0";"0";"0";"0";"0";"0";"0";"0";"0";"0";"135";"145";"145";"65";"65";"70";"40";"50";"50";"35";"45";"40";"5";"5";"10";"15";"5";"10";"0";"0";"5";"0";"0";"0";"0";"0";"0";"0";"0";"0";"0";"0";"0";"0";"0";"0";"5";"0";"5";"10";"10";"5";"0";"0";"0";"0";"0";"0";"5";"5";"5";"5";"10";"10";"180";"195";"205";"150";"165";"160";"25";"25";"40";"5";"5";"5";"0";"0";"0";"0";"0";"0";"0";"0";"0";"0";"0";"0";"0";"5";"0";"10";"5";"15";"0";"0";"10";"5";"5";"5";"0";"0";"0";"5";"5";"5";"5";"15";"0";"0";"0";"0";"5";"15";"0"
"Middelharnis";"";"";"";"";"";"";"";"";"";"";"";"";"";"";"";"";"";"";"";"";"";"";"";"";"";"";"";"";"";"";"";"";"";"";"";"";"";"";"";"";"";"";"";"";"";"";"";"";"";"";"";"";"";"";"";"";"";"";"";"";"";"";"";"";"";"";"";"";"";"";"";"";"";"";"";"";"";"";"";"";"";"";"";"";"";"";"";"";"";"";"";"";"";"";"";"";"";"";"";"";"";"";"";"";"";"";"";"";"";"";"";"";"";"";"";"";"";"";"";"";"";"";"";"";"";"";"";"";"";"";"";"";"";"";"";"";"";"";"";"";"";"";"";"";"";"";"";"";"";"";"";"";"";"";"";"";"";"";"";"";"";"";"";"";"";"";"";"";"";"";"";"";"";"";"";"";"";"";"";"";"";"";"";"";"";"";"";"";"";"";"";"";"";"";"";"";"";"";"";"";"";"";"";"";"";"";"";"";"";"";"";"";"";"";"";"";"";"";"";"";"";"";"";"";"";"";"";""
"Midden-Delfland";"570";"575";"545";"360";"350";"300";"295";"300";"235";"5";"0";"0";"290";"295";"235";"45";"35";"45";"45";"35";"45";"0";"0";"0";"0";"0";"0";"20";"15";"20";"0";"0";"0";"0";"0";"0";"20";"15";"15";"0";"0";"0";"0";"0";"0";"0";"0";"0";"0";"0";"0";"0";"0";"0";"65";"60";"50";"55";"55";"35";"20";"30";"15";"0";"0";"0";"0";"0";"0";"0";"0";"0";"35";"20";"20";"5";"5";"5";"5";"0";"5";"0";"0";"5";"5";"0";"0";"0";"0";"0";"0";"0";"0";"0";"5";"0";"0";"0";"0";"0";"0";"0";"0";"5";"10";"0";"0";"0";"0";"0";"0";"0";"0";"0";"0";"0";"0";"0";"0";"0";"0";"0";"0";"35";"45";"45";"15";"20";"25";"15";"15";"10";"15";"10";"5";"0";"5";"5";"5";"5";"5";"0";"5";"0";"0";"0";"0";"0";"0";"0";"0";"0";"0";"0";"0";"0";"0";"0";"0";"0";"0";"0";"0";"0";"5";"0";"0";"0";"0";"0";"0";"0";"0";"0";"5";"0";"0";"95";"105";"135";"65";"85";"75";"20";"15";"45";"0";"0";"10";"0";"0";"0";"0";"0";"0";"0";"0";"0";"0";"0";"0";"5";"5";"0";"5";"5";"10";"0";"5";"5";"5";"5";"5";"0";"0";"0";"5";"0";"0";"5";"0";"5";"0";"0";"0";"5";"0";"5"
"Molenwaard";"525";"490";"485";"270";"240";"230";"185";"150";"155";"0";"0";"5";"185";"150";"155";"65";"75";"50";"65";"70";"50";"0";"0";"0";"0";"0";"0";"20";"20";"25";"0";"0";"0";"0";"0";"0";"20";"20";"25";"0";"0";"0";"0";"0";"0";"0";"0";"0";"0";"0";"0";"0";"0";"0";"90";"80";"75";"75";"65";"65";"25";"40";"30";"0";"0";"0";"0";"0";"0";"0";"0";"0";"50";"25";"30";"15";"10";"10";"5";"5";"5";"5";"5";"5";"0";"0";"0";"5";"0";"0";"0";"0";"0";"5";"0";"0";"0";"0";"0";"0";"0";"0";"0";"5";"0";"0";"0";"0";"0";"0";"0";"0";"0";"0";"0";"0";"0";"0";"0";"0";"0";"0";"0";"50";"35";"50";"20";"20";"25";"20";"10";"10";"15";"10";"10";"0";"5";"5";"10";"5";"10";"0";"0";"0";"0";"0";"5";"0";"0";"0";"0";"0";"5";"0";"0";"0";"0";"0";"0";"0";"5";"0";"0";"0";"0";"0";"0";"0";"0";"0";"0";"0";"0";"5";"10";"5";"5";"90";"120";"105";"65";"75";"70";"15";"30";"25";"0";"0";"5";"0";"0";"0";"0";"0";"0";"0";"0";"0";"0";"0";"0";"10";"10";"5";"5";"5";"10";"0";"0";"0";"5";"0";"5";"0";"0";"0";"5";"5";"5";"10";"5";"5";"0";"0";"0";"10";"5";"5"
"Nederlek";"";"";"";"";"";"";"";"";"";"";"";"";"";"";"";"";"";"";"";"";"";"";"";"";"";"";"";"";"";"";"";"";"";"";"";"";"";"";"";"";"";"";"";"";"";"";"";"";"";"";"";"";"";"";"";"";"";"";"";"";"";"";"";"";"";"";"";"";"";"";"";"";"";"";"";"";"";"";"";"";"";"";"";"";"";"";"";"";"";"";"";"";"";"";"";"";"";"";"";"";"";"";"";"";"";"";"";"";"";"";"";"";"";"";"";"";"";"";"";"";"";"";"";"";"";"";"";"";"";"";"";"";"";"";"";"";"";"";"";"";"";"";"";"";"";"";"";"";"";"";"";"";"";"";"";"";"";"";"";"";"";"";"";"";"";"";"";"";"";"";"";"";"";"";"";"";"";"";"";"";"";"";"";"";"";"";"";"";"";"";"";"";"";"";"";"";"";"";"";"";"";"";"";"";"";"";"";"";"";"";"";"";"";"";"";"";"";"";"";"";"";"";"";"";"";"";"";""
"Nieuwkoop";"685";"770";"665";"350";"340";"300";"245";"245";"200";"0";"0";"0";"245";"240";"195";"60";"45";"65";"60";"45";"60";"0";"0";"0";"0";"0";"5";"35";"45";"35";"0";"0";"0";"0";"0";"0";"30";"45";"35";"5";"5";"0";"0";"0";"0";"0";"0";"0";"0";"0";"0";"0";"0";"0";"95";"95";"90";"80";"75";"70";"40";"45";"30";"0";"0";"0";"0";"0";"0";"0";"0";"0";"40";"30";"40";"10";"10";"15";"10";"5";"5";"0";"5";"0";"5";"5";"0";"0";"5";"5";"0";"0";"0";"0";"0";"5";"0";"0";"0";"5";"0";"0";"0";"5";"0";"0";"5";"0";"0";"0";"0";"0";"0";"0";"0";"0";"0";"0";"0";"0";"0";"0";"0";"50";"70";"60";"25";"30";"30";"20";"20";"20";"15";"20";"15";"5";"0";"0";"5";"15";"10";"0";"0";"0";"0";"5";"0";"0";"5";"5";"0";"0";"0";"0";"0";"0";"0";"0";"0";"0";"5";"0";"0";"0";"5";"0";"0";"0";"0";"0";"0";"5";"5";"0";"5";"5";"10";"170";"245";"185";"90";"180";"100";"65";"55";"60";"10";"10";"10";"0";"0";"0";"0";"0";"0";"0";"0";"0";"0";"0";"5";"5";"0";"5";"5";"10";"10";"0";"5";"5";"5";"5";"5";"0";"0";"0";"0";"5";"5";"5";"5";"5";"0";"0";"0";"5";"5";"5"
"Nieuw-Lekkerland";"";"";"";"";"";"";"";"";"";"";"";"";"";"";"";"";"";"";"";"";"";"";"";"";"";"";"";"";"";"";"";"";"";"";"";"";"";"";"";"";"";"";"";"";"";"";"";"";"";"";"";"";"";"";"";"";"";"";"";"";"";"";"";"";"";"";"";"";"";"";"";"";"";"";"";"";"";"";"";"";"";"";"";"";"";"";"";"";"";"";"";"";"";"";"";"";"";"";"";"";"";"";"";"";"";"";"";"";"";"";"";"";"";"";"";"";"";"";"";"";"";"";"";"";"";"";"";"";"";"";"";"";"";"";"";"";"";"";"";"";"";"";"";"";"";"";"";"";"";"";"";"";"";"";"";"";"";"";"";"";"";"";"";"";"";"";"";"";"";"";"";"";"";"";"";"";"";"";"";"";"";"";"";"";"";"";"";"";"";"";"";"";"";"";"";"";"";"";"";"";"";"";"";"";"";"";"";"";"";"";"";"";"";"";"";"";"";"";"";"";"";"";"";"";"";"";"";""
"Nissewaard";"4175";"3895";"3525";"2145";"2050";"1690";"1750";"1670";"1320";"50";"50";"45";"1700";"1620";"1275";"235";"205";"190";"215";"195";"185";"0";"0";"0";"20";"10";"5";"125";"145";"140";"5";"5";"5";"0";"0";"0";"120";"140";"135";"25";"20";"20";"10";"10";"15";"0";"0";"0";"5";"0";"5";"0";"0";"0";"640";"520";"530";"545";"420";"440";"295";"210";"220";"5";"0";"5";"5";"0";"5";"0";"0";"0";"245";"205";"210";"55";"70";"55";"35";"40";"30";"30";"30";"25";"5";"10";"5";"10";"5";"5";"0";"0";"0";"5";"25";"15";"0";"0";"0";"5";"5";"5";"15";"15";"25";"25";"10";"10";"10";"5";"0";"10";"0";"5";"5";"5";"0";"0";"0";"0";"5";"0";"0";"555";"525";"545";"285";"250";"275";"190";"195";"200";"160";"175";"180";"30";"20";"20";"45";"60";"45";"10";"15";"15";"10";"15";"10";"5";"5";"0";"10";"10";"5";"10";"5";"5";"5";"5";"5";"5";"10";"5";"20";"15";"15";"5";"0";"0";"0";"0";"0";"10";"5";"10";"55";"45";"65";"685";"680";"605";"450";"440";"455";"180";"195";"115";"35";"20";"15";"0";"0";"0";"5";"5";"5";"0";"0";"0";"5";"5";"5";"10";"15";"10";"50";"35";"45";"20";"15";"15";"30";"20";"25";"0";"0";"0";"25";"25";"25";"15";"15";"20";"0";"0";"0";"15";"15";"20"
"Noordwijk";"1300";"1420";"1305";"640";"705";"660";"535";"590";"555";"5";"10";"5";"530";"580";"550";"55";"55";"50";"55";"50";"45";"0";"0";"0";"5";"5";"5";"40";"50";"40";"10";"5";"0";"0";"0";"0";"30";"45";"40";"0";"5";"5";"0";"5";"5";"0";"0";"0";"0";"0";"0";"0";"0";"0";"180";"185";"175";"155";"155";"135";"70";"80";"75";"5";"5";"0";"0";"0";"5";"0";"0";"0";"80";"70";"55";"10";"15";"15";"0";"5";"5";"0";"5";"5";"0";"5";"0";"5";"5";"5";"0";"0";"0";"0";"5";"5";"0";"0";"0";"5";"0";"0";"5";"5";"10";"10";"5";"10";"5";"5";"5";"5";"0";"5";"0";"0";"0";"0";"0";"0";"0";"0";"0";"155";"165";"140";"95";"115";"85";"45";"35";"35";"40";"35";"30";"5";"0";"5";"10";"10";"20";"5";"5";"5";"5";"0";"0";"5";"0";"5";"0";"0";"0";"0";"0";"0";"0";"0";"0";"0";"0";"5";"0";"5";"0";"0";"0";"0";"0";"0";"0";"0";"0";"0";"20";"40";"30";"280";"295";"280";"140";"180";"135";"120";"105";"125";"10";"5";"5";"0";"0";"0";"0";"5";"0";"0";"0";"5";"0";"0";"0";"10";"5";"5";"20";"20";"15";"10";"5";"10";"10";"15";"5";"0";"0";"0";"5";"5";"5";"5";"5";"0";"0";"0";"0";"5";"5";"0"
"Noordwijkerhout";"530";"500";"490";"275";"250";"275";"220";"200";"210";"0";"5";"0";"215";"200";"210";"35";"35";"40";"35";"35";"40";"0";"0";"0";"0";"0";"0";"10";"10";"15";"0";"0";"0";"0";"0";"0";"10";"10";"15";"5";"5";"5";"5";"0";"0";"0";"0";"0";"0";"0";"0";"0";"0";"0";"65";"55";"50";"55";"50";"45";"35";"25";"15";"0";"0";"0";"0";"0";"0";"0";"0";"0";"20";"20";"25";"5";"5";"5";"0";"0";"0";"0";"0";"0";"0";"0";"0";"0";"0";"0";"0";"0";"0";"0";"0";"0";"0";"0";"0";"0";"0";"0";"5";"5";"0";"0";"0";"5";"0";"0";"0";"0";"0";"0";"0";"0";"0";"0";"0";"0";"0";"0";"0";"55";"50";"45";"25";"25";"25";"15";"15";"10";"10";"10";"5";"5";"5";"0";"15";"10";"10";"0";"0";"5";"0";"0";"0";"10";"5";"0";"0";"0";"0";"0";"0";"0";"0";"0";"0";"0";"0";"0";"0";"0";"0";"0";"0";"0";"0";"0";"0";"0";"0";"0";"5";"0";"5";"110";"125";"105";"70";"90";"65";"35";"25";"30";"5";"5";"5";"0";"0";"0";"0";"0";"0";"0";"0";"0";"0";"0";"0";"0";"5";"0";"15";"10";"10";"0";"5";"5";"15";"5";"5";"0";"0";"0";"0";"5";"5";"0";"5";"0";"0";"0";"0";"0";"5";"0"
"Oegstgeest";"760";"705";"610";"500";"455";"350";"410";"365";"265";"5";"0";"5";"405";"360";"260";"60";"55";"55";"55";"50";"55";"0";"0";"0";"5";"5";"0";"20";"30";"25";"0";"0";"0";"0";"0";"0";"20";"30";"20";"5";"5";"5";"5";"0";"0";"0";"0";"0";"0";"0";"0";"0";"0";"0";"60";"55";"70";"50";"45";"55";"30";"20";"25";"0";"0";"0";"0";"0";"0";"0";"0";"0";"15";"25";"30";"5";"0";"10";"0";"0";"0";"0";"0";"0";"0";"0";"0";"5";"0";"0";"0";"0";"0";"5";"0";"0";"0";"0";"0";"0";"0";"5";"5";"5";"5";"0";"5";"0";"0";"0";"0";"0";"0";"0";"0";"0";"0";"0";"0";"0";"0";"0";"0";"60";"45";"75";"35";"15";"35";"15";"20";"35";"10";"15";"30";"0";"0";"0";"10";"10";"5";"0";"0";"0";"0";"0";"0";"0";"5";"0";"5";"0";"0";"0";"0";"0";"0";"0";"0";"0";"0";"0";"0";"0";"0";"0";"0";"0";"0";"0";"0";"0";"0";"0";"10";"10";"5";"105";"120";"90";"65";"65";"55";"35";"35";"30";"0";"5";"0";"0";"0";"0";"0";"0";"0";"0";"0";"0";"0";"0";"0";"0";"10";"5";"20";"20";"15";"0";"5";"5";"15";"15";"10";"0";"0";"0";"5";"0";"5";"5";"0";"0";"0";"0";"0";"5";"0";"0"
"Oostflakkee";"";"";"";"";"";"";"";"";"";"";"";"";"";"";"";"";"";"";"";"";"";"";"";"";"";"";"";"";"";"";"";"";"";"";"";"";"";"";"";"";"";"";"";"";"";"";"";"";"";"";"";"";"";"";"";"";"";"";"";"";"";"";"";"";"";"";"";"";"";"";"";"";"";"";"";"";"";"";"";"";"";"";"";"";"";"";"";"";"";"";"";"";"";"";"";"";"";"";"";"";"";"";"";"";"";"";"";"";"";"";"";"";"";"";"";"";"";"";"";"";"";"";"";"";"";"";"";"";"";"";"";"";"";"";"";"";"";"";"";"";"";"";"";"";"";"";"";"";"";"";"";"";"";"";"";"";"";"";"";"";"";"";"";"";"";"";"";"";"";"";"";"";"";"";"";"";"";"";"";"";"";"";"";"";"";"";"";"";"";"";"";"";"";"";"";"";"";"";"";"";"";"";"";"";"";"";"";"";"";"";"";"";"";"";"";"";"";"";"";"";"";"";"";"";"";"";"";""
"Oud-Beijerland";"840";"640";"575";"370";"305";"245";"275";"240";"160";"5";"0";"0";"265";"235";"160";"70";"50";"65";"65";"50";"65";"0";"0";"0";"0";"0";"0";"25";"20";"15";"0";"0";"0";"0";"0";"0";"20";"15";"15";"0";"0";"0";"0";"0";"0";"0";"0";"0";"0";"0";"0";"0";"0";"0";"145";"105";"85";"125";"90";"80";"65";"45";"50";"0";"0";"0";"0";"0";"0";"0";"0";"0";"60";"45";"25";"10";"10";"0";"10";"5";"0";"5";"0";"0";"0";"5";"0";"0";"0";"0";"0";"0";"0";"0";"5";"0";"0";"0";"0";"0";"0";"0";"5";"0";"0";"5";"0";"0";"0";"0";"0";"0";"0";"0";"0";"0";"0";"0";"0";"0";"0";"0";"0";"70";"55";"65";"40";"25";"35";"15";"20";"25";"15";"15";"15";"0";"0";"10";"10";"15";"5";"0";"5";"0";"5";"5";"0";"0";"0";"0";"0";"0";"0";"0";"5";"0";"0";"0";"0";"5";"0";"5";"5";"0";"0";"5";"0";"0";"0";"0";"0";"0";"0";"0";"15";"10";"10";"225";"150";"160";"195";"125";"130";"20";"20";"25";"0";"0";"5";"0";"0";"0";"0";"0";"0";"0";"0";"0";"0";"0";"0";"5";"0";"5";"15";"5";"5";"5";"0";"0";"10";"5";"5";"0";"0";"0";"5";"0";"5";"0";"5";"0";"0";"0";"0";"0";"5";"0"
"Ouderkerk";"";"";"";"";"";"";"";"";"";"";"";"";"";"";"";"";"";"";"";"";"";"";"";"";"";"";"";"";"";"";"";"";"";"";"";"";"";"";"";"";"";"";"";"";"";"";"";"";"";"";"";"";"";"";"";"";"";"";"";"";"";"";"";"";"";"";"";"";"";"";"";"";"";"";"";"";"";"";"";"";"";"";"";"";"";"";"";"";"";"";"";"";"";"";"";"";"";"";"";"";"";"";"";"";"";"";"";"";"";"";"";"";"";"";"";"";"";"";"";"";"";"";"";"";"";"";"";"";"";"";"";"";"";"";"";"";"";"";"";"";"";"";"";"";"";"";"";"";"";"";"";"";"";"";"";"";"";"";"";"";"";"";"";"";"";"";"";"";"";"";"";"";"";"";"";"";"";"";"";"";"";"";"";"";"";"";"";"";"";"";"";"";"";"";"";"";"";"";"";"";"";"";"";"";"";"";"";"";"";"";"";"";"";"";"";"";"";"";"";"";"";"";"";"";"";"";"";""
"Papendrecht";"1150";"975";"910";"615";"515";"480";"495";"400";"370";"10";"5";"5";"485";"395";"365";"75";"65";"65";"70";"65";"65";"0";"0";"0";"0";"0";"0";"35";"45";"35";"5";"5";"5";"0";"0";"0";"30";"40";"30";"5";"0";"0";"5";"5";"0";"0";"0";"0";"0";"0";"0";"0";"0";"0";"225";"170";"145";"200";"140";"115";"115";"90";"75";"0";"0";"0";"0";"0";"0";"0";"0";"0";"85";"55";"40";"10";"15";"10";"5";"5";"10";"0";"5";"5";"0";"5";"0";"5";"5";"0";"0";"0";"0";"0";"5";"0";"0";"0";"0";"0";"0";"0";"10";"10";"10";"5";"5";"5";"0";"0";"5";"0";"0";"0";"0";"0";"0";"0";"0";"0";"0";"0";"0";"100";"100";"95";"45";"60";"40";"25";"20";"30";"20";"20";"25";"10";"0";"5";"20";"15";"20";"5";"5";"0";"0";"0";"5";"5";"0";"0";"5";"0";"0";"0";"0";"5";"0";"0";"0";"5";"5";"5";"5";"5";"0";"5";"0";"0";"0";"0";"0";"0";"0";"0";"15";"5";"5";"165";"165";"175";"110";"100";"125";"30";"45";"35";"10";"10";"5";"0";"0";"0";"5";"0";"0";"0";"0";"0";"0";"0";"0";"10";"10";"10";"15";"5";"5";"5";"5";"5";"10";"0";"5";"0";"0";"0";"10";"5";"5";"5";"0";"5";"0";"0";"0";"5";"0";"5"
"Pijnacker-Nootdorp";"1850";"1695";"1450";"1140";"975";"885";"940";"790";"715";"10";"5";"10";"930";"785";"705";"135";"120";"120";"130";"115";"115";"0";"0";"0";"10";"5";"0";"45";"50";"45";"5";"5";"0";"0";"0";"0";"40";"40";"45";"15";"10";"5";"5";"5";"5";"0";"0";"0";"0";"0";"0";"0";"0";"0";"215";"230";"140";"190";"185";"110";"100";"85";"55";"0";"5";"0";"0";"0";"5";"0";"0";"0";"85";"90";"50";"15";"15";"10";"5";"10";"5";"5";"10";"5";"0";"0";"0";"0";"0";"0";"0";"0";"0";"5";"0";"0";"0";"0";"0";"0";"5";"5";"5";"25";"15";"10";"5";"5";"0";"5";"5";"5";"0";"0";"0";"0";"0";"0";"0";"0";"5";"0";"0";"155";"155";"155";"90";"95";"90";"45";"35";"40";"40";"25";"35";"5";"10";"5";"15";"15";"15";"0";"5";"5";"5";"0";"0";"5";"0";"5";"5";"0";"0";"0";"0";"0";"0";"0";"0";"5";"5";"5";"0";"5";"5";"0";"0";"0";"0";"0";"0";"0";"5";"0";"20";"20";"15";"280";"285";"240";"180";"190";"160";"80";"65";"65";"10";"10";"5";"0";"0";"0";"0";"5";"0";"0";"0";"0";"0";"0";"0";"10";"15";"5";"20";"15";"10";"5";"0";"5";"15";"10";"5";"0";"0";"0";"5";"5";"5";"10";"10";"0";"0";"0";"0";"10";"10";"0"
"Reeuwijk";"";"";"";"";"";"";"";"";"";"";"";"";"";"";"";"";"";"";"";"";"";"";"";"";"";"";"";"";"";"";"";"";"";"";"";"";"";"";"";"";"";"";"";"";"";"";"";"";"";"";"";"";"";"";"";"";"";"";"";"";"";"";"";"";"";"";"";"";"";"";"";"";"";"";"";"";"";"";"";"";"";"";"";"";"";"";"";"";"";"";"";"";"";"";"";"";"";"";"";"";"";"";"";"";"";"";"";"";"";"";"";"";"";"";"";"";"";"";"";"";"";"";"";"";"";"";"";"";"";"";"";"";"";"";"";"";"";"";"";"";"";"";"";"";"";"";"";"";"";"";"";"";"";"";"";"";"";"";"";"";"";"";"";"";"";"";"";"";"";"";"";"";"";"";"";"";"";"";"";"";"";"";"";"";"";"";"";"";"";"";"";"";"";"";"";"";"";"";"";"";"";"";"";"";"";"";"";"";"";"";"";"";"";"";"";"";"";"";"";"";"";"";"";"";"";"";"";""
"Ridderkerk";"2130";"1830";"1725";"1340";"1135";"1000";"1160";"980";"840";"30";"20";"25";"1130";"960";"815";"105";"75";"90";"100";"75";"80";"0";"0";"0";"10";"0";"5";"60";"65";"60";"5";"5";"0";"0";"0";"0";"55";"60";"60";"10";"10";"5";"5";"0";"0";"0";"0";"0";"0";"5";"5";"0";"0";"0";"270";"225";"195";"230";"200";"165";"145";"125";"80";"5";"0";"0";"5";"0";"0";"0";"0";"0";"80";"75";"80";"20";"15";"25";"15";"10";"20";"10";"5";"15";"0";"5";"5";"5";"0";"0";"0";"0";"0";"5";"5";"5";"0";"0";"0";"0";"0";"0";"15";"5";"5";"0";"0";"5";"0";"0";"0";"0";"0";"0";"0";"0";"0";"0";"0";"0";"0";"0";"0";"175";"155";"160";"95";"75";"80";"40";"40";"40";"40";"35";"35";"5";"5";"5";"30";"30";"30";"15";"10";"5";"5";"0";"5";"5";"0";"5";"5";"5";"0";"0";"0";"0";"0";"5";"5";"0";"5";"5";"5";"10";"10";"0";"0";"0";"0";"0";"0";"0";"0";"0";"10";"10";"10";"295";"280";"335";"220";"210";"285";"50";"55";"30";"15";"5";"15";"0";"0";"0";"0";"0";"0";"0";"0";"0";"0";"0";"0";"10";"10";"5";"15";"15";"10";"5";"5";"5";"10";"10";"5";"0";"0";"0";"10";"5";"15";"10";"5";"5";"0";"0";"0";"10";"5";"5"
"Rijnwoude";"";"";"";"";"";"";"";"";"";"";"";"";"";"";"";"";"";"";"";"";"";"";"";"";"";"";"";"";"";"";"";"";"";"";"";"";"";"";"";"";"";"";"";"";"";"";"";"";"";"";"";"";"";"";"";"";"";"";"";"";"";"";"";"";"";"";"";"";"";"";"";"";"";"";"";"";"";"";"";"";"";"";"";"";"";"";"";"";"";"";"";"";"";"";"";"";"";"";"";"";"";"";"";"";"";"";"";"";"";"";"";"";"";"";"";"";"";"";"";"";"";"";"";"";"";"";"";"";"";"";"";"";"";"";"";"";"";"";"";"";"";"";"";"";"";"";"";"";"";"";"";"";"";"";"";"";"";"";"";"";"";"";"";"";"";"";"";"";"";"";"";"";"";"";"";"";"";"";"";"";"";"";"";"";"";"";"";"";"";"";"";"";"";"";"";"";"";"";"";"";"";"";"";"";"";"";"";"";"";"";"";"";"";"";"";"";"";"";"";"";"";"";"";"";"";"";"";""
"Rijswijk (ZH.)";"3695";"3140";"2925";"2435";"2085";"1830";"2200";"1820";"1565";"40";"35";"30";"2160";"1785";"1540";"110";"135";"120";"95";"120";"110";"0";"0";"0";"15";"15";"10";"90";"105";"125";"5";"5";"5";"0";"5";"5";"85";"95";"115";"20";"15";"5";"10";"10";"10";"0";"0";"0";"0";"0";"5";"0";"0";"0";"320";"280";"260";"270";"230";"215";"165";"130";"110";"5";"0";"0";"5";"5";"5";"0";"0";"0";"95";"100";"100";"25";"20";"25";"10";"10";"10";"10";"5";"10";"0";"0";"0";"5";"10";"10";"0";"0";"0";"0";"0";"5";"0";"0";"0";"0";"0";"0";"15";"15";"10";"10";"10";"10";"0";"5";"5";"5";"5";"0";"0";"0";"5";"0";"0";"0";"0";"0";"0";"315";"285";"290";"155";"155";"155";"110";"90";"95";"100";"80";"80";"10";"10";"15";"35";"25";"25";"5";"10";"5";"5";"5";"5";"10";"5";"5";"5";"0";"0";"5";"0";"0";"0";"0";"0";"5";"5";"5";"20";"10";"5";"0";"0";"0";"0";"0";"0";"0";"0";"5";"40";"25";"25";"505";"420";"475";"325";"300";"310";"120";"70";"105";"35";"25";"35";"0";"0";"0";"0";"5";"5";"5";"0";"0";"10";"5";"0";"15";"15";"20";"45";"30";"25";"10";"10";"10";"40";"20";"15";"0";"0";"0";"20";"10";"15";"10";"5";"5";"0";"0";"0";"10";"5";"5"
"Rotterdam";"60765";"55800";"49735";"37430";"34205";"28515";"33500";"30300";"24710";"1105";"1060";"955";"32395";"29245";"23755";"1810";"1705";"1665";"1615";"1535";"1515";"0";"0";"0";"195";"165";"150";"1490";"1660";"1580";"115";"80";"105";"10";"15";"15";"1365";"1570";"1465";"340";"285";"305";"140";"105";"115";"10";"5";"5";"135";"145";"130";"0";"0";"0";"6335";"5520";"5055";"4810";"4120";"3735";"2290";"2065";"1695";"50";"35";"40";"120";"140";"200";"0";"0";"0";"2350";"1875";"1800";"915";"970";"870";"465";"580";"455";"405";"500";"400";"60";"80";"50";"135";"90";"105";"20";"15";"15";"65";"90";"180";"95";"70";"30";"130";"120";"85";"195";"205";"185";"420";"230";"265";"270";"85";"105";"85";"80";"100";"20";"20";"20";"30";"30";"20";"15";"10";"25";"6015";"5795";"5475";"2900";"2955";"2830";"2180";"1910";"1830";"2010";"1765";"1660";"165";"145";"170";"460";"485";"420";"155";"155";"140";"130";"145";"95";"50";"45";"60";"40";"50";"45";"20";"20";"20";"15";"30";"25";"45";"50";"40";"335";"315";"235";"40";"35";"55";"50";"40";"40";"50";"55";"65";"680";"745";"700";"8565";"8070";"8365";"5730";"5500";"5645";"2170";"1935";"1995";"335";"340";"440";"15";"0";"10";"55";"40";"55";"20";"15";"15";"50";"45";"60";"190";"190";"150";"950";"820";"925";"560";"520";"610";"380";"295";"310";"10";"10";"5";"535";"375";"450";"255";"270";"250";"0";"0";"0";"255";"270";"250"
"Rozenburg";"";"";"";"";"";"";"";"";"";"";"";"";"";"";"";"";"";"";"";"";"";"";"";"";"";"";"";"";"";"";"";"";"";"";"";"";"";"";"";"";"";"";"";"";"";"";"";"";"";"";"";"";"";"";"";"";"";"";"";"";"";"";"";"";"";"";"";"";"";"";"";"";"";"";"";"";"";"";"";"";"";"";"";"";"";"";"";"";"";"";"";"";"";"";"";"";"";"";"";"";"";"";"";"";"";"";"";"";"";"";"";"";"";"";"";"";"";"";"";"";"";"";"";"";"";"";"";"";"";"";"";"";"";"";"";"";"";"";"";"";"";"";"";"";"";"";"";"";"";"";"";"";"";"";"";"";"";"";"";"";"";"";"";"";"";"";"";"";"";"";"";"";"";"";"";"";"";"";"";"";"";"";"";"";"";"";"";"";"";"";"";"";"";"";"";"";"";"";"";"";"";"";"";"";"";"";"";"";"";"";"";"";"";"";"";"";"";"";"";"";"";"";"";"";"";"";"";""
"Schiedam";"5360";"5320";"4810";"3265";"3290";"2765";"2890";"2930";"2420";"90";"90";"90";"2805";"2845";"2325";"205";"170";"170";"190";"150";"160";"0";"0";"0";"15";"20";"10";"140";"150";"155";"5";"10";"5";"0";"0";"0";"135";"135";"145";"15";"25";"15";"5";"10";"5";"0";"0";"0";"5";"0";"5";"0";"0";"0";"685";"655";"600";"595";"540";"490";"245";"270";"205";"5";"0";"0";"10";"10";"5";"0";"0";"0";"335";"260";"285";"50";"70";"65";"35";"30";"30";"30";"25";"25";"5";"5";"5";"10";"15";"15";"0";"0";"0";"5";"15";"15";"0";"0";"0";"5";"10";"10";"20";"25";"15";"20";"25";"25";"10";"5";"15";"5";"5";"5";"0";"10";"0";"0";"0";"0";"0";"0";"0";"605";"585";"555";"285";"300";"285";"230";"190";"190";"215";"175";"170";"20";"20";"20";"45";"45";"35";"15";"10";"10";"10";"10";"5";"5";"5";"5";"0";"10";"5";"5";"5";"0";"5";"0";"0";"5";"0";"5";"35";"30";"30";"0";"5";"5";"0";"5";"5";"5";"10";"5";"45";"50";"55";"675";"655";"735";"535";"540";"570";"100";"90";"125";"25";"15";"20";"0";"0";"0";"0";"0";"15";"0";"0";"0";"0";"5";"5";"15";"5";"10";"40";"40";"50";"15";"15";"20";"25";"25";"25";"0";"0";"0";"25";"35";"35";"15";"10";"10";"0";"0";"0";"15";"10";"10"
"Schoonhoven";"";"";"";"";"";"";"";"";"";"";"";"";"";"";"";"";"";"";"";"";"";"";"";"";"";"";"";"";"";"";"";"";"";"";"";"";"";"";"";"";"";"";"";"";"";"";"";"";"";"";"";"";"";"";"";"";"";"";"";"";"";"";"";"";"";"";"";"";"";"";"";"";"";"";"";"";"";"";"";"";"";"";"";"";"";"";"";"";"";"";"";"";"";"";"";"";"";"";"";"";"";"";"";"";"";"";"";"";"";"";"";"";"";"";"";"";"";"";"";"";"";"";"";"";"";"";"";"";"";"";"";"";"";"";"";"";"";"";"";"";"";"";"";"";"";"";"";"";"";"";"";"";"";"";"";"";"";"";"";"";"";"";"";"";"";"";"";"";"";"";"";"";"";"";"";"";"";"";"";"";"";"";"";"";"";"";"";"";"";"";"";"";"";"";"";"";"";"";"";"";"";"";"";"";"";"";"";"";"";"";"";"";"";"";"";"";"";"";"";"";"";"";"";"";"";"";"";""
"Sliedrecht";"865";"765";"715";"500";"380";"365";"400";"290";"275";"5";"5";"5";"395";"285";"270";"75";"60";"55";"70";"55";"55";"0";"0";"0";"0";"5";"0";"20";"25";"30";"0";"5";"5";"0";"0";"0";"20";"25";"25";"10";"0";"5";"0";"0";"0";"0";"0";"0";"0";"0";"0";"0";"0";"0";"115";"105";"90";"100";"90";"70";"65";"45";"40";"0";"0";"0";"0";"0";"0";"0";"0";"0";"35";"45";"25";"15";"10";"20";"10";"0";"15";"5";"0";"10";"0";"0";"0";"0";"5";"5";"0";"0";"0";"0";"0";"5";"0";"0";"0";"0";"0";"0";"5";"5";"0";"0";"0";"0";"0";"0";"0";"0";"0";"0";"0";"0";"0";"0";"0";"0";"0";"0";"0";"90";"105";"75";"45";"45";"35";"20";"25";"15";"15";"25";"15";"5";"5";"5";"20";"25";"10";"5";"10";"0";"5";"5";"5";"5";"5";"0";"0";"0";"0";"0";"0";"0";"0";"0";"0";"0";"5";"5";"5";"5";"5";"0";"0";"0";"5";"5";"5";"0";"0";"0";"5";"5";"10";"130";"150";"155";"95";"95";"105";"30";"40";"30";"0";"5";"10";"0";"0";"0";"0";"0";"0";"0";"0";"0";"0";"0";"0";"0";"5";"10";"10";"10";"10";"5";"5";"5";"5";"5";"5";"0";"0";"0";"5";"5";"10";"5";"5";"5";"0";"0";"0";"5";"5";"5"
"Spijkenisse";"";"";"";"";"";"";"";"";"";"";"";"";"";"";"";"";"";"";"";"";"";"";"";"";"";"";"";"";"";"";"";"";"";"";"";"";"";"";"";"";"";"";"";"";"";"";"";"";"";"";"";"";"";"";"";"";"";"";"";"";"";"";"";"";"";"";"";"";"";"";"";"";"";"";"";"";"";"";"";"";"";"";"";"";"";"";"";"";"";"";"";"";"";"";"";"";"";"";"";"";"";"";"";"";"";"";"";"";"";"";"";"";"";"";"";"";"";"";"";"";"";"";"";"";"";"";"";"";"";"";"";"";"";"";"";"";"";"";"";"";"";"";"";"";"";"";"";"";"";"";"";"";"";"";"";"";"";"";"";"";"";"";"";"";"";"";"";"";"";"";"";"";"";"";"";"";"";"";"";"";"";"";"";"";"";"";"";"";"";"";"";"";"";"";"";"";"";"";"";"";"";"";"";"";"";"";"";"";"";"";"";"";"";"";"";"";"";"";"";"";"";"";"";"";"";"";"";""
"Strijen";"215";"150";"165";"115";"65";"90";"85";"45";"60";"0";"0";"0";"80";"45";"55";"20";"15";"15";"20";"15";"15";"0";"0";"0";"0";"0";"5";"10";"5";"15";"0";"0";"0";"0";"0";"0";"10";"5";"15";"0";"0";"0";"0";"0";"0";"0";"0";"0";"0";"0";"0";"0";"0";"0";"35";"20";"15";"30";"20";"10";"15";"15";"5";"0";"0";"0";"0";"0";"0";"0";"0";"0";"20";"5";"5";"5";"5";"5";"0";"0";"0";"0";"0";"0";"0";"0";"0";"0";"0";"0";"0";"0";"0";"0";"0";"0";"0";"0";"0";"0";"0";"0";"0";"0";"0";"0";"0";"0";"0";"0";"0";"0";"0";"0";"0";"0";"0";"0";"0";"0";"0";"0";"0";"25";"15";"25";"15";"5";"10";"5";"5";"5";"5";"5";"5";"0";"0";"0";"5";"0";"5";"0";"0";"0";"0";"0";"0";"0";"0";"0";"0";"0";"0";"0";"0";"0";"0";"0";"0";"0";"0";"0";"0";"0";"0";"0";"0";"0";"0";"0";"0";"0";"0";"0";"0";"5";"0";"35";"35";"35";"25";"25";"25";"5";"5";"5";"0";"0";"0";"0";"0";"0";"0";"0";"0";"0";"0";"0";"0";"0";"0";"0";"0";"0";"5";"0";"5";"5";"0";"0";"0";"0";"5";"0";"0";"0";"0";"0";"0";"5";"5";"0";"0";"0";"0";"5";"5";"0"
"Teylingen";"1360";"1255";"1095";"850";"740";"650";"730";"615";"505";"10";"10";"5";"720";"605";"500";"80";"75";"85";"80";"75";"80";"0";"0";"0";"5";"0";"5";"30";"40";"50";"0";"0";"0";"0";"0";"0";"30";"40";"50";"5";"10";"10";"5";"5";"0";"0";"0";"0";"0";"0";"0";"0";"0";"0";"150";"145";"135";"135";"125";"110";"65";"55";"60";"5";"0";"0";"0";"0";"0";"0";"0";"0";"65";"70";"50";"10";"10";"10";"0";"5";"5";"0";"5";"0";"0";"0";"5";"0";"5";"0";"0";"0";"0";"5";"0";"5";"0";"0";"0";"0";"0";"0";"10";"5";"10";"5";"0";"0";"0";"0";"0";"0";"0";"0";"0";"0";"0";"0";"0";"0";"0";"0";"0";"120";"135";"90";"65";"60";"50";"35";"50";"30";"30";"40";"30";"5";"10";"5";"15";"15";"5";"0";"5";"0";"5";"0";"0";"0";"5";"0";"0";"0";"0";"0";"0";"0";"5";"0";"0";"0";"0";"0";"5";"0";"5";"0";"0";"0";"0";"0";"0";"0";"5";"0";"10";"5";"5";"205";"205";"180";"145";"165";"130";"45";"35";"40";"5";"5";"0";"0";"0";"0";"0";"0";"0";"0";"0";"0";"0";"0";"0";"10";"5";"0";"15";"20";"25";"5";"10";"10";"10";"10";"15";"0";"0";"0";"5";"5";"5";"5";"5";"5";"0";"0";"0";"5";"5";"5"
"Vlaardingen";"4975";"4120";"3775";"3145";"2485";"2125";"2830";"2180";"1785";"75";"65";"50";"2755";"2115";"1735";"190";"160";"160";"180";"150";"145";"0";"0";"0";"10";"10";"15";"100";"115";"145";"20";"10";"15";"0";"0";"0";"80";"105";"125";"15";"20";"20";"5";"10";"15";"0";"0";"0";"0";"0";"0";"0";"0";"0";"665";"565";"520";"565";"470";"405";"250";"180";"170";"5";"5";"0";"10";"10";"5";"0";"0";"0";"300";"275";"230";"40";"55";"70";"25";"20";"35";"25";"20";"35";"5";"5";"0";"5";"10";"5";"0";"0";"0";"5";"15";"10";"0";"0";"5";"5";"5";"10";"45";"25";"30";"15";"15";"15";"5";"5";"10";"5";"0";"5";"5";"5";"5";"0";"0";"0";"0";"0";"0";"475";"465";"475";"235";"215";"225";"150";"170";"155";"140";"155";"135";"10";"15";"20";"55";"45";"45";"15";"10";"15";"10";"5";"10";"5";"5";"0";"5";"10";"5";"5";"0";"5";"5";"5";"0";"10";"10";"5";"20";"20";"20";"0";"5";"5";"5";"0";"15";"5";"10";"10";"35";"50";"45";"555";"495";"535";"405";"370";"370";"120";"90";"135";"10";"15";"15";"0";"0";"0";"5";"5";"5";"0";"0";"0";"0";"0";"5";"15";"10";"10";"35";"35";"45";"20";"20";"25";"15";"15";"20";"0";"0";"0";"40";"20";"20";"30";"10";"5";"0";"0";"0";"30";"10";"5"
"Vlist";"";"";"";"";"";"";"";"";"";"";"";"";"";"";"";"";"";"";"";"";"";"";"";"";"";"";"";"";"";"";"";"";"";"";"";"";"";"";"";"";"";"";"";"";"";"";"";"";"";"";"";"";"";"";"";"";"";"";"";"";"";"";"";"";"";"";"";"";"";"";"";"";"";"";"";"";"";"";"";"";"";"";"";"";"";"";"";"";"";"";"";"";"";"";"";"";"";"";"";"";"";"";"";"";"";"";"";"";"";"";"";"";"";"";"";"";"";"";"";"";"";"";"";"";"";"";"";"";"";"";"";"";"";"";"";"";"";"";"";"";"";"";"";"";"";"";"";"";"";"";"";"";"";"";"";"";"";"";"";"";"";"";"";"";"";"";"";"";"";"";"";"";"";"";"";"";"";"";"";"";"";"";"";"";"";"";"";"";"";"";"";"";"";"";"";"";"";"";"";"";"";"";"";"";"";"";"";"";"";"";"";"";"";"";"";"";"";"";"";"";"";"";"";"";"";"";"";""
"Voorschoten";"840";"870";"735";"525";"545";"440";"435";"460";"360";"10";"5";"5";"425";"460";"355";"60";"55";"45";"60";"55";"45";"0";"0";"0";"0";"0";"0";"25";"25";"35";"0";"0";"0";"0";"0";"0";"20";"25";"30";"5";"5";"0";"5";"0";"0";"0";"0";"0";"0";"0";"0";"0";"0";"0";"110";"115";"85";"100";"95";"75";"50";"40";"40";"5";"0";"0";"0";"0";"0";"0";"0";"0";"45";"55";"30";"5";"5";"5";"0";"5";"0";"0";"0";"0";"0";"5";"0";"5";"0";"0";"0";"0";"0";"0";"0";"5";"0";"0";"0";"0";"0";"0";"0";"15";"5";"0";"5";"0";"0";"0";"0";"0";"0";"0";"0";"0";"0";"0";"0";"0";"0";"0";"0";"70";"80";"60";"40";"35";"30";"20";"30";"15";"15";"30";"10";"5";"5";"5";"5";"15";"5";"0";"0";"0";"0";"0";"0";"0";"5";"0";"0";"0";"0";"0";"0";"0";"0";"0";"0";"0";"0";"0";"0";"0";"0";"0";"0";"0";"0";"0";"0";"5";"5";"5";"10";"15";"10";"110";"95";"130";"80";"75";"90";"20";"20";"30";"5";"0";"5";"0";"0";"0";"0";"0";"0";"0";"0";"0";"0";"0";"0";"5";"0";"5";"10";"10";"5";"5";"10";"0";"5";"5";"5";"0";"0";"0";"0";"5";"0";"0";"5";"0";"0";"0";"0";"0";"5";"0"
"Waddinxveen";"1215";"950";"855";"770";"555";"450";"665";"440";"330";"10";"0";"5";"655";"440";"330";"65";"70";"70";"60";"65";"65";"0";"0";"0";"5";"5";"5";"30";"25";"30";"5";"0";"0";"0";"0";"0";"25";"25";"25";"10";"15";"15";"0";"0";"0";"0";"0";"0";"0";"0";"0";"0";"0";"0";"145";"100";"110";"130";"90";"85";"70";"35";"40";"0";"0";"0";"0";"0";"0";"0";"0";"0";"55";"55";"40";"15";"10";"10";"10";"5";"5";"5";"5";"5";"5";"0";"0";"5";"0";"0";"0";"0";"0";"0";"0";"0";"0";"0";"5";"0";"5";"0";"0";"0";"5";"5";"5";"5";"0";"0";"0";"5";"0";"5";"0";"0";"0";"0";"0";"0";"0";"0";"0";"70";"85";"70";"40";"40";"40";"25";"30";"20";"25";"30";"15";"0";"0";"5";"5";"5";"5";"0";"0";"0";"0";"0";"0";"0";"0";"0";"0";"0";"0";"0";"0";"0";"0";"0";"0";"0";"5";"0";"0";"0";"0";"0";"0";"0";"0";"0";"0";"0";"5";"0";"15";"15";"10";"205";"180";"190";"135";"140";"115";"55";"25";"55";"5";"5";"15";"0";"0";"0";"0";"5";"5";"0";"0";"0";"0";"0";"0";"5";"5";"5";"5";"10";"20";"5";"5";"5";"0";"5";"10";"0";"0";"0";"5";"5";"5";"5";"0";"5";"0";"0";"0";"5";"0";"5"
"Wassenaar";"1025";"1010";"910";"575";"545";"440";"470";"465";"345";"5";"5";"5";"465";"460";"340";"60";"45";"50";"55";"45";"50";"0";"0";"0";"5";"0";"0";"35";"25";"35";"0";"0";"5";"0";"0";"0";"35";"20";"30";"10";"0";"5";"0";"5";"5";"0";"0";"0";"0";"5";"0";"0";"0";"0";"120";"115";"115";"95";"100";"95";"40";"55";"65";"0";"0";"0";"0";"0";"0";"0";"0";"0";"55";"45";"30";"20";"15";"10";"5";"0";"5";"5";"0";"5";"0";"0";"0";"10";"5";"5";"0";"0";"0";"0";"5";"0";"0";"0";"0";"0";"5";"0";"5";"0";"10";"5";"0";"0";"0";"0";"0";"0";"0";"0";"0";"0";"0";"0";"0";"0";"0";"0";"0";"100";"90";"75";"45";"40";"40";"30";"35";"25";"30";"25";"25";"5";"5";"0";"20";"15";"10";"5";"5";"0";"0";"0";"0";"5";"0";"0";"0";"0";"0";"5";"0";"0";"0";"0";"0";"0";"5";"0";"0";"0";"0";"0";"0";"0";"0";"0";"0";"0";"5";"0";"15";"10";"10";"205";"230";"255";"135";"135";"135";"45";"60";"80";"10";"25";"30";"0";"0";"0";"0";"0";"0";"0";"0";"0";"0";"0";"0";"10";"10";"10";"10";"10";"15";"0";"0";"5";"5";"10";"10";"0";"0";"0";"0";"0";"0";"5";"5";"0";"0";"0";"0";"5";"5";"0"
"Westland";"4670";"4015";"3760";"2605";"2335";"2030";"2210";"1985";"1675";"20";"20";"20";"2190";"1970";"1655";"240";"190";"195";"235";"185";"185";"0";"0";"0";"5";"5";"10";"130";"135";"140";"5";"5";"5";"0";"0";"0";"125";"125";"130";"15";"20";"10";"5";"5";"10";"0";"0";"0";"0";"0";"0";"0";"0";"0";"795";"485";"420";"725";"410";"360";"465";"210";"165";"5";"15";"5";"0";"5";"0";"0";"0";"0";"255";"185";"195";"40";"45";"30";"15";"15";"15";"10";"10";"10";"5";"0";"5";"10";"15";"5";"0";"0";"0";"10";"15";"5";"0";"0";"0";"5";"5";"0";"10";"20";"15";"15";"15";"10";"10";"5";"0";"5";"0";"5";"5";"5";"0";"0";"0";"0";"0";"0";"5";"325";"325";"355";"180";"185";"200";"105";"95";"95";"100";"80";"85";"5";"15";"15";"30";"30";"40";"5";"5";"10";"0";"10";"10";"10";"5";"5";"5";"0";"5";"0";"5";"0";"0";"0";"0";"5";"5";"10";"10";"10";"10";"0";"0";"0";"0";"5";"0";"5";"0";"5";"40";"25";"20";"835";"795";"880";"610";"590";"620";"175";"155";"225";"15";"10";"20";"0";"0";"0";"5";"5";"0";"0";"0";"5";"0";"0";"0";"25";"30";"15";"40";"30";"30";"10";"10";"15";"25";"20";"15";"0";"0";"0";"15";"15";"20";"10";"10";"5";"0";"0";"0";"10";"10";"5"
"Westvoorne";"550";"495";"520";"305";"235";"255";"250";"190";"190";"0";"5";"0";"250";"190";"185";"35";"30";"35";"35";"30";"35";"0";"0";"0";"0";"0";"0";"15";"10";"25";"0";"0";"0";"0";"0";"0";"15";"10";"25";"0";"0";"0";"0";"0";"5";"0";"0";"0";"0";"0";"0";"0";"0";"0";"80";"75";"80";"65";"65";"65";"20";"25";"25";"0";"0";"0";"0";"0";"0";"0";"0";"0";"45";"40";"40";"5";"5";"10";"5";"5";"0";"5";"0";"0";"0";"0";"0";"0";"0";"0";"0";"0";"0";"0";"0";"5";"0";"0";"0";"0";"0";"0";"5";"5";"5";"5";"0";"0";"0";"0";"0";"0";"0";"0";"0";"0";"0";"0";"0";"0";"5";"0";"0";"65";"55";"60";"25";"35";"25";"25";"15";"25";"20";"10";"15";"5";"0";"5";"10";"5";"5";"0";"0";"0";"5";"0";"0";"0";"0";"0";"0";"0";"0";"0";"0";"0";"0";"5";"0";"0";"0";"0";"5";"5";"0";"0";"0";"0";"0";"0";"0";"0";"0";"0";"0";"5";"5";"90";"115";"115";"60";"85";"80";"20";"25";"25";"5";"0";"5";"0";"0";"0";"0";"0";"0";"0";"0";"0";"0";"0";"0";"0";"0";"0";"5";"5";"5";"5";"0";"0";"5";"5";"5";"0";"0";"0";"0";"0";"5";"5";"5";"0";"0";"0";"0";"5";"5";"0"
"Zederik";"380";"375";"295";"225";"200";"165";"180";"160";"110";"0";"0";"0";"180";"155";"110";"30";"20";"35";"30";"20";"30";"0";"0";"0";"5";"0";"0";"10";"10";"20";"0";"0";"0";"0";"0";"0";"10";"10";"20";"0";"5";"5";"0";"0";"0";"0";"0";"0";"0";"0";"0";"0";"0";"0";"25";"40";"30";"15";"35";"25";"5";"15";"10";"0";"0";"0";"0";"0";"0";"0";"0";"0";"10";"20";"15";"5";"5";"5";"5";"0";"0";"0";"0";"0";"0";"0";"0";"0";"0";"0";"0";"0";"0";"0";"0";"0";"0";"0";"0";"0";"0";"0";"0";"0";"0";"5";"0";"0";"0";"0";"0";"0";"0";"0";"0";"0";"0";"0";"0";"0";"0";"0";"0";"30";"35";"20";"10";"15";"10";"10";"15";"5";"10";"15";"5";"0";"0";"0";"0";"5";"5";"0";"0";"0";"0";"0";"0";"0";"0";"0";"0";"0";"0";"0";"0";"0";"0";"0";"0";"0";"0";"0";"0";"5";"0";"0";"0";"0";"0";"0";"0";"5";"0";"0";"5";"5";"0";"80";"85";"70";"45";"50";"50";"25";"25";"15";"5";"0";"0";"0";"0";"0";"5";"0";"0";"0";"0";"0";"0";"0";"0";"5";"5";"5";"10";"5";"5";"0";"0";"5";"10";"5";"0";"0";"0";"0";"5";"5";"5";"5";"0";"0";"0";"0";"0";"5";"0";"0"
"Zoetermeer";"6165";"5825";"5590";"3355";"3315";"3130";"2780";"2760";"2535";"80";"65";"55";"2705";"2695";"2480";"325";"320";"340";"300";"305";"330";"0";"0";"0";"20";"15";"10";"185";"200";"210";"15";"15";"10";"5";"5";"0";"170";"180";"195";"35";"15";"20";"20";"15";"15";"5";"0";"5";"5";"5";"5";"0";"0";"0";"850";"795";"580";"710";"655";"490";"375";"365";"270";"10";"10";"5";"5";"5";"0";"0";"0";"0";"320";"275";"210";"65";"85";"50";"35";"45";"30";"30";"35";"25";"5";"5";"5";"20";"15";"5";"0";"0";"0";"5";"10";"10";"0";"5";"0";"5";"15";"5";"35";"15";"20";"35";"35";"20";"20";"25";"10";"5";"0";"10";"5";"0";"0";"0";"5";"0";"5";"5";"0";"710";"680";"640";"365";"365";"345";"245";"230";"210";"210";"220";"185";"35";"10";"25";"50";"45";"55";"10";"5";"15";"5";"5";"10";"10";"5";"5";"10";"5";"5";"5";"5";"5";"5";"5";"5";"5";"10";"15";"25";"20";"15";"5";"5";"5";"5";"0";"0";"20";"10";"10";"105";"100";"100";"1035";"825";"1055";"775";"625";"665";"195";"145";"285";"30";"30";"60";"0";"0";"0";"5";"5";"5";"0";"0";"5";"5";"5";"10";"25";"20";"25";"60";"70";"40";"20";"25";"15";"40";"40";"25";"0";"0";"0";"35";"20";"35";"15";"25";"10";"0";"0";"0";"15";"25";"10"
"Zoeterwoude";"265";"195";"195";"155";"115";"90";"120";"85";"60";"0";"0";"0";"120";"85";"60";"25";"10";"15";"25";"10";"15";"0";"0";"0";"0";"0";"0";"10";"20";"15";"0";"0";"0";"0";"0";"0";"10";"20";"15";"0";"0";"0";"0";"0";"0";"0";"0";"0";"0";"0";"0";"0";"0";"0";"40";"30";"25";"35";"25";"25";"20";"10";"15";"0";"0";"0";"0";"0";"0";"0";"0";"0";"20";"15";"10";"5";"0";"0";"0";"0";"0";"0";"0";"0";"0";"0";"0";"0";"0";"0";"0";"0";"0";"0";"0";"0";"0";"0";"0";"0";"0";"0";"0";"0";"0";"0";"0";"0";"0";"0";"0";"0";"0";"0";"0";"0";"0";"0";"0";"0";"0";"0";"0";"15";"15";"20";"15";"10";"15";"0";"0";"5";"0";"0";"5";"0";"0";"0";"0";"0";"5";"0";"0";"0";"0";"0";"0";"0";"0";"0";"0";"0";"0";"0";"0";"0";"0";"0";"0";"0";"0";"0";"0";"0";"0";"0";"0";"0";"0";"0";"0";"0";"0";"0";"0";"0";"5";"45";"30";"50";"30";"20";"30";"10";"5";"15";"0";"0";"0";"0";"0";"0";"0";"0";"0";"0";"0";"0";"0";"0";"0";"0";"0";"0";"5";"5";"0";"5";"0";"0";"0";"0";"0";"0";"0";"0";"0";"0";"0";"0";"0";"0";"0";"0";"0";"0";"0";"0"
"Zuidplas";"1665";"1535";"1440";"1020";"920";"845";"875";"770";"655";"5";"5";"10";"875";"760";"645";"85";"85";"115";"80";"80";"105";"0";"0";"0";"5";"0";"5";"45";"60";"60";"5";"0";"5";"0";"0";"0";"45";"55";"55";"5";"10";"10";"0";"0";"5";"0";"0";"0";"0";"0";"0";"0";"0";"0";"190";"150";"130";"160";"125";"105";"80";"65";"55";"0";"0";"0";"0";"0";"0";"0";"0";"0";"80";"60";"50";"15";"15";"15";"5";"5";"10";"5";"5";"5";"0";"0";"0";"5";"0";"0";"0";"0";"0";"5";"0";"5";"0";"0";"0";"0";"5";"0";"15";"10";"10";"0";"0";"0";"0";"0";"0";"0";"0";"0";"0";"0";"0";"0";"0";"0";"0";"0";"0";"115";"115";"125";"65";"65";"70";"40";"40";"45";"35";"40";"40";"5";"0";"5";"5";"10";"10";"0";"5";"0";"0";"0";"0";"0";"0";"5";"0";"0";"0";"0";"0";"0";"0";"0";"0";"0";"0";"5";"5";"0";"0";"0";"0";"0";"0";"0";"0";"0";"0";"0";"10";"15";"15";"305";"310";"305";"195";"200";"165";"75";"85";"100";"10";"15";"20";"0";"0";"0";"0";"0";"10";"0";"0";"0";"0";"0";"5";"20";"10";"10";"15";"15";"15";"5";"5";"5";"15";"10";"10";"0";"0";"0";"5";"5";"5";"10";"5";"5";"0";"0";"0";"10";"5";"5"
"Zwijndrecht";"2170";"1780";"1800";"1335";"1095";"1165";"1170";"915";"1000";"25";"25";"20";"1145";"890";"975";"100";"100";"90";"95";"95";"85";"0";"0";"0";"5";"5";"5";"50";"60";"55";"5";"5";"0";"0";"0";"0";"45";"55";"55";"10";"20";"15";"5";"0";"5";"0";"0";"0";"0";"0";"0";"0";"0";"0";"305";"215";"205";"275";"185";"180";"140";"90";"75";"0";"0";"0";"0";"0";"0";"0";"0";"0";"130";"95";"100";"15";"15";"20";"10";"5";"15";"10";"5";"15";"0";"0";"0";"0";"0";"0";"0";"0";"0";"0";"5";"0";"0";"0";"0";"0";"0";"0";"10";"10";"5";"5";"5";"0";"0";"5";"0";"0";"0";"0";"0";"0";"0";"0";"0";"0";"0";"0";"0";"190";"150";"130";"95";"75";"70";"65";"45";"45";"55";"40";"35";"5";"5";"5";"20";"15";"10";"5";"5";"0";"5";"0";"0";"5";"0";"0";"0";"0";"0";"0";"0";"0";"0";"0";"0";"5";"5";"5";"5";"5";"5";"0";"0";"0";"0";"0";"0";"5";"0";"0";"20";"15";"20";"270";"265";"250";"205";"180";"180";"40";"55";"45";"5";"15";"15";"0";"0";"0";"5";"0";"0";"0";"0";"0";"0";"0";"0";"10";"10";"5";"25";"20";"20";"10";"5";"5";"15";"15";"15";"0";"0";"0";"10";"10";"10";"15";"10";"5";"0";"0";"0";"15";"10";"5"
"Bron: CBS"
